{"adam": [1974.941650390625, 1973.5350341796875], "lbfgs": [1973.4350723326206]}