{"adam": [4929.568359375, 4928.384765625], "lbfgs": [4928.2996167093515]}