{"adam": [1955.195556640625, 13.981406211853027, 4.81923246383667, 2.4946906566619873, 1.712124228477478, 1.1721149682998657], "lbfgs": [1.1725313502829522, 1.1725313502829522, 1.1725313502829522, 1.1725313502829522, 1.1725313502829522]}